{"metadata":{"asset_id":"6c01efc2-c98c-45d8-ba66-a903330e1708","asset_attributes":["data_asset"],"name":"silicon.zip","asset_type":"data_asset","created_at":"2020-10-02T14:28:56Z","description":"","origin_country":"us","owner_id":"IBMid-55000932QR","project_id":"30f7cfc8-84ae-4869-bedd-29754582d002","size":79971,"tags":[],"usage":{"last_update_time":1601648938725,"last_updated_at":"2020-10-02T14:28:58Z"}},"entity":{"data_asset":{"mime_type":"application/x-zip-compressed","dataset":false}},"attachments":[{"id":"be3ca59f-390f-408d-8cf5-d814626406ea","version":2,"asset_type":"data_asset","name":"silicon.zip","mime":"application/x-zip-compressed","datasource_type":"193a97c1-4475-4a19-b90c-295c4fdc6517","object_key":"silicon.zip","creator_id":"IBMid-55000932QR","create_time":1601648938724,"size":79971,"is_remote":false,"is_managed":false,"is_referenced":true,"is_object_key_read_only":true,"is_user_provided_path_key":true,"transfer_complete":true,"is_partitioned":false,"complete_time_ticks":1601648938724,"user_data":{},"test_doc":0,"handle":{"bucket":"imagerecognition-donotdelete-pr-1ws5g77pooyeze","location":"us-geo","key":"silicon.zip","upload_id":"done","max_part_num":1},"usage":{"access_count":0,"last_accessor_id":"IBMid-55000932QR","last_access_time":1601648938724}}]}
