{"metadata":{"asset_id":"7c745a08-d993-4e28-9250-7f6fa41b0dc6","asset_attributes":["data_asset"],"name":"suspension.zip","asset_type":"data_asset","created_at":"2020-10-02T14:05:20Z","description":"","origin_country":"us","owner_id":"IBMid-55000932QR","project_id":"30f7cfc8-84ae-4869-bedd-29754582d002","size":73084,"tags":[],"usage":{"last_update_time":1601647522054,"last_updated_at":"2020-10-02T14:05:22Z"}},"entity":{"data_asset":{"mime_type":"application/x-zip-compressed","dataset":false}},"attachments":[{"id":"0497eb29-cc74-4f28-8cc2-96b817474fce","version":2,"asset_type":"data_asset","name":"suspension.zip","mime":"application/x-zip-compressed","datasource_type":"193a97c1-4475-4a19-b90c-295c4fdc6517","object_key":"suspension.zip","creator_id":"IBMid-55000932QR","create_time":1601647522053,"size":73084,"is_remote":false,"is_managed":false,"is_referenced":true,"is_object_key_read_only":true,"is_user_provided_path_key":true,"transfer_complete":true,"is_partitioned":false,"complete_time_ticks":1601647522053,"user_data":{},"test_doc":0,"handle":{"bucket":"imagerecognition-donotdelete-pr-1ws5g77pooyeze","location":"us-geo","key":"suspension.zip","upload_id":"done","max_part_num":1},"usage":{"access_count":0,"last_accessor_id":"IBMid-55000932QR","last_access_time":1601647522053}}]}
