{"metadata":{"asset_id":"12f07a1f-0f8c-4238-9448-11e511212650","asset_attributes":["data_asset"],"name":"negative class.zip","asset_type":"data_asset","created_at":"2020-10-02T14:06:10Z","description":"","origin_country":"us","owner_id":"IBMid-55000932QR","project_id":"30f7cfc8-84ae-4869-bedd-29754582d002","size":15568590,"tags":[],"usage":{"last_update_time":1601647572176,"last_updated_at":"2020-10-02T14:06:12Z"}},"entity":{"data_asset":{"mime_type":"application/x-zip-compressed","dataset":false}},"attachments":[{"id":"ef76bc32-1024-43e4-9375-47248eaddf75","version":2,"asset_type":"data_asset","name":"negative class.zip","mime":"application/x-zip-compressed","datasource_type":"193a97c1-4475-4a19-b90c-295c4fdc6517","object_key":"negative class.zip","creator_id":"IBMid-55000932QR","create_time":1601647572171,"size":15568590,"is_remote":false,"is_managed":false,"is_referenced":true,"is_object_key_read_only":true,"is_user_provided_path_key":true,"transfer_complete":true,"is_partitioned":false,"complete_time_ticks":1601647572171,"user_data":{},"test_doc":0,"handle":{"bucket":"imagerecognition-donotdelete-pr-1ws5g77pooyeze","location":"us-geo","key":"negative class.zip","upload_id":"done","max_part_num":1},"usage":{"access_count":0,"last_accessor_id":"IBMid-55000932QR","last_access_time":1601647572171}}]}
